
Question,Answer
"What is WellNest?","WellNest is a platform committed to providing you with the best solutions for all your medical wellness needs."
"How can I find hospitals?","You can find the best hospitals near you by visiting our Hospitals page at https://yourwebsite.com/hospitals.html."
"What is the mission of WellNest?","Our mission is to provide top-notch healthcare solutions and support for all your medical wellness needs."
"Where can I read the privacy policy?","You can read our privacy policy at https://yourwebsite.com/terms.html."
"How can I leave feedback?","You can leave your feedback by visiting our Feedback page at https://yourwebsite.com/feedback.html."
"How can I chat with support?","You can chat with us live for any inquiries or support by visiting our Chat page at https://yourwebsite.com/chat.html."
"Where can I find the conditions of use?","You can read the conditions of use for our services at https://yourwebsite.com/conditions.html."
"Where can I find the terms and conditions?","You can understand the terms and conditions for using our services at https://yourwebsite.com/terms.html."